"batch","start","end","records","pass","message"
"6796","1995-12-14T08:55:26","2020-08-10T07:53:20","969","False","Technology physical measure production kind."
"ASikVvAGnNIqCwFJKres","2018-10-30T22:14:13","2019-01-09T06:09:32","1908","False","Sit us suggest he send sit begin."
"dkzuKXkRCjkvdgvgpLsC","1985-06-18T10:58:04","1999-12-01T11:51:45","1078","False","Lose by with them black decide."
"VknYVwSGhnAvIYWGYFYW","1971-01-05T16:46:17","2010-12-03T22:46:01","7354","True","Fight method effort rest research maintain."
"GLsjwzegCGYYLPcprNml","1976-10-22T16:34:57","1994-04-19T08:23:08","272","False","Myself second scientist type add group better soon."
"GHbbLNdKBMSKtCSyBaXj","1982-03-15T11:28:16","1991-05-13T18:23:38","7170","True","Land serious federal cause book modern."
"sXyOBDuHkSbyCtSWvzIY","1975-01-16T18:51:18","1988-05-28T15:57:12","4433","False","Job similar pull media their."
"iiVCmvovpFJxTRMDMrUs","1977-03-11T19:01:13","1994-10-18T07:41:26","4307","False","Throw red Republican hair hand person."
"LhVeSVzkyqwzCdjVLXwP","1981-07-23T10:01:08","2018-03-30T19:20:11","8328","False","Public art us good detail red show sport."
"YAuOloqHqvxcXnhSXDAB","1970-07-15T16:39:43","2010-01-26T14:55:45","301","True","Firm politics call capital read important miss."
"psJvEldHVWMNTwKJqBBI","1982-03-20T01:24:39","2013-03-24T18:26:31","8652","True","Range such around or."
"CXCNGYgMhWYwVHtKXFeN","1970-11-25T03:54:15","2005-08-07T06:08:24","7070","False","Wrong himself live subject return trade."
"yZnYnBCvhdiMeAXOmwxX","1992-11-14T06:42:00","2000-08-14T00:18:57","3845","True","Stand weight run wrong."
"eZwtntFkhKyVdyukBzHV","1973-08-14T06:39:06","1975-08-12T19:19:23","2360","False","Bank century wonder contain already those city."
"HbZYhdJzUxFMvrRKRbJA","1986-07-20T15:14:46","1993-04-04T03:27:01","3839","True","Fill parent nearly trouble light cost."
"HqJuSfCXZspsrZVEFlNL","1977-08-16T16:54:46","1980-09-16T12:25:24","5544","False","Onto figure own."
"GemzvDVaUcbUHqSRMweS","1991-05-09T06:22:33","2008-10-11T08:07:26","9147","False","Among amount federal move he."
"ZEtgLQRPEFMdUrxeHwQD","1996-11-07T12:02:45","2003-12-28T11:31:02","5554","True","Say enjoy year itself factor."
"FQBFeVSKNfcllqriKKao","1992-09-02T11:38:54","2009-10-19T20:10:42","3752","True","Owner total rich allow central."
"nYbkLXctNmxAdvEWzqKQ","1980-04-26T10:28:30","2001-12-10T04:11:41","4860","True","Red little investment area around set avoid."
"fgRURQPNdCLuscDYzcKe","1995-04-09T20:16:33","2010-07-30T02:35:49","3105","False","Voice eat recognize firm."
"fUBImUCTzQUsbRVVNSoM","1975-04-21T22:59:23","2002-08-31T13:41:42","3021","True","Inside country response hair goal use simple glass."
"prniDlRYjBxFQwZLVZOM","1973-12-29T01:22:16","2014-10-07T18:10:27","1537","False","Organization sometimes rest opportunity."
"rWeaXQYAyaKIXTIQRnPv","2003-04-20T21:31:40","2007-08-25T19:19:16","1379","False","Nice food performance do life ten official."
"yMqWRMLEqNdSNXYPlVZd","2003-09-12T03:32:48","2008-07-11T07:25:35","8941","False","That development computer me tough purpose person stay."
"VTobUWJrVaKphmxnLlex","1972-01-22T10:24:27","2019-05-29T11:51:43","684","True","Difference tree some green blood."
"NfkRdBzCxjpayIWXHGWh","1999-10-20T16:51:04","2008-01-26T06:21:51","6434","False","Begin home far field see."
"TJZbvyCgkNBDLrJeiaOX","1996-07-17T12:29:45","2006-09-16T01:00:59","4063","True","Free party shoulder environmental maybe head human."
"ApSvdetPMgBeCLzPjFYE","1975-05-31T14:43:23","1981-08-15T12:52:38","1521","True","Finish source read cell either might."
"IaDkpVgVwmBARTIzVBqt","1988-02-01T18:56:09","1990-07-27T00:06:49","3685","False","Together any man save."
"hmqEqtsnYuqslcTxVMbN","2016-03-16T00:13:24","2020-07-10T18:51:04","5513","False","Imagine center tree order exist run compare."
"oIcACSLYuEWKXVHNeXdK","1976-03-06T08:12:07","2000-11-18T16:45:46","7575","True","Step test increase assume somebody."
"EMDtaWSVJxSDnUUTUBKv","1986-01-06T06:49:46","2019-04-27T10:54:47","582","aUpjUbNtlWSETEuQzikX","Man use central effect step course watch great."
"qpAtZvZRMlgrIznDslHj","2005-09-05T17:19:33","2012-12-23T13:12:39","1994","False","Age player dog natural consumer save respond ten."
"RLSpjLqEZFpvMZcknctc","2001-07-21T19:28:11","2015-09-25T08:01:39","8198","True","Tell large indeed field expert responsibility."
"GdUyRMNyxobomRWBpcEu","1971-02-02T03:01:46","1982-04-20T07:30:45","9156","False","Risk finish begin degree read."
"MrhLTlmFqcoiKumbAzoT","1974-07-23T15:50:44","1979-11-11T22:58:40","2902","False","Hold central generation form."
"beUSLiqgFKzLSBeXNWvV","1970-10-01T12:42:00","1991-11-13T20:30:56","7496","False","Population step improve hard determine."
"WunwUFKMdQrrSRJSShJd","1994-07-08T06:46:42","2010-06-19T03:56:37","2386","False","Stay political current middle exactly fear."
"TgcGKdHkBfzVjicdappE","1973-12-20T08:37:06","1978-09-09T05:10:15","9075","False","Suggest suffer provide significant respond reveal but."
"hPmHtmOmCYbVQWXIwYJg","2014-09-16T05:53:04","2019-02-09T04:19:49","3049","True","Want budget Mr federal."
"HeKFSfsweMelJEmzeyZG","2001-02-07T02:51:14","1804","7263","True","Produce between Mrs fund method understand national."
"TqzHpeZRffsEuyljcuHG","1971-12-15T16:35:58","1981-08-12T22:09:22","4096","False","Wide few economic."
"pMQaQdvxVbimtnsHRAds","1985-12-03T04:12:34","2002-09-20T19:03:18","9279","False","Quality war cultural animal son probably way surface."
"eknOemARnHtHAcBTNDrg","QnhZTkENaPAyTsyJVcef","2005-01-19T23:11:17","5782","False","Affect mouth between approach."
"HxNPLdtNfJjcWvIyRJxF","2003-07-10T15:16:50","8075","2124","True","Give lose local create."
